Product,Inventory Units
Samsung TV 32in S,91
Sam TV 32in,21
Samsung TV,42
Samsung TV Smart,42
Samsung 32in TV,70
Samsung Smart 32in TV,86
Sam TV 32in,85
Samsung TV 32in B,45
32in Samsung TV Basic,40
Samsung Basic 32in TV,79
Samsung 32in,28
Samsung 32in Basic TV,30
SamsungTV50inSmart,60
Samsung Smart 50in TV,45
50in Samsung TV Smart,11
Samsung 50in,50
Samsung 50in Smart TV,79
Sam TV 50in,51
50in Samsung TV Basic,45
Samsung TV Basic,26
Samsung 50in Basic TV,75
SamsungTV50inBasic,47
Sam TV 50in,85
Samsung 50in,57
Apple Pro 13 iPhone,74
AppleiPhone13Pro,23
Apple iPhone Pro,94
Apple 13 iPhone,40
13 Apple iPhone Pro,80
Apple 13,94
Apple iPhone Mini,90
App iP 13,11
Apple iPhone 13 M,45
AppleiPhone13Mini,40
Apple 13 iPhone,77
Apple 13,63
Coca-Cola 330ml ,11
Coca-Cola 330ml Zero ,74
Coca-Cola  330ml,49
Coca-Cola Zero 330ml ,97
Coca-Cola 330ml,82
Coca-Cola ,38
Coca-Cola ,18
Coca-Cola 330ml,99
Coca-Cola  330ml,89
Coca-Cola 330ml ,90
Coca-Cola  Vanilla,41
Coca-Cola  330ml V,99
Coc  500ml,74
Coca-Cola Zero 500ml ,60
Coca-Cola ,93
Coca-Cola 500ml ,33
Coca-Cola  Zero,13
Coca-Cola 500ml,87
Coc  500ml,77
Coca-Cola  500ml,48
Coca-Cola 500ml,48
Coca-Cola 500ml Vanilla ,51
Coca-Cola ,20
CocaCola500mlVanilla,75
Coca-Cola 1L ,79
Coc  1L,78
Coca-Cola  Zero,94
Coca-Cola 1L,56
Coca-Cola ,96
Coca-Cola Zero 1L ,73
Coca-Cola Vanilla 1L ,65
Coca-Cola  1L V,74
Coca-Cola 1L Vanilla ,94
CocaCola1LVanilla,43
Coca-Cola ,18
Coca-Cola 1L,20
CocaCola2LZero,45
Coca-Cola  2L Z,12
Coca-Cola 2L,22
Coca-Cola ,87
Coca-Cola 2L Zero ,92
Coca-Cola Zero 2L ,72
Coca-Cola 2L ,46
2L Coca-Cola  Vanilla,90
Coca-Cola 2L,45
Coca-Cola  2L,87
Coca-Cola 2L Vanilla ,64
CocaCola2LVanilla,95
Apple 13  iPhone,45
AppleiPhone13,81
Apple 13,17
Apple 13 iPhone,48
Apple iPhone,63
13 Apple iPhone ,47
Samsung TV ,35
32in Samsung TV ,92
Sam TV 32in,23
Samsung 32in,27
Samsung TV,97
Samsung  32in TV,34
